age_band,p_diabetes,p_chf,p_copd,n
<65,1.594669627984453,1.665352581898945,1.8394780677401443,18010
65-74,1.629590395480226,1.7002560028248588,1.8728372175141244,45312
75-84,1.5525365536020836,1.6296394956490854,1.829870360504351,33786
85+,1.5119334480780264,1.5802639127940332,1.797819850831899,17430
