age_band,p_diabetes,p_chf,p_copd,n
<65,0.4053303720155469,0.33464741810105497,0.16052193225985564,18010
65-74,0.370409604519774,0.2997439971751412,0.1271627824858757,45312
75-84,0.4474634463979163,0.37036050435091455,0.17012963949564908,33786
85+,0.4880665519219736,0.4197360872059667,0.20218014916810098,17430
