p_diabetes,p_chf,p_copd,n
1.5834657493582915,1.6556775917162863,1.8435017199532033,114538
