p_diabetes,p_chf,p_copd,n
0.4165342506417084,0.3443224082837137,0.1564982800467967,114538
